[
    {
        "שאלה":"מהו שעון חכם?",
        "תשובה":"שעון חכם הוא מכשיר לביש שמציע פונקציות דומות לטלפון חכם, כמו התראות, מדידת כושר ואפליקציות.",
        "נושא":"מכשירים לבישים"
    },
    {
        "שאלה":"איך פועלת טכנולוגיית ביטול רעשים?",
        "תשובה":"אוזניות עם ביטול רעשים משתמשות במיקרופונים לקליטת רעשים חיצוניים ומפיקות גלי קול מנוגדים כדי לבטל אותם.",
        "נושא":"אודיו"
    },
    {
        "שאלה":"מהו התפקיד העיקרי של צמיד כושר?",
        "תשובה":"צמיד כושר עוקב אחר פעילות גופנית, כמו צעדים, דופק ושריפת קלוריות.",
        "נושא":"מכשירים לבישים"
    },
    {
        "שאלה":"מה עושה בלוטות' בגאדג'טים?",
        "תשובה":"בלוטות' מאפשר תקשורת אלחוטית בין מכשירים בטווח קצר.",
        "נושא":"טכנולוגיות תקשורת"
    },
    {
        "שאלה":"מה ההבדל בין טאבלט לסמארטפון?",
        "תשובה":"לטאבלט מסך גדול יותר והוא פחות נייד מטלפון חכם, אך שניהם מריצים אפליקציות דומות.",
        "נושא":"מכשירים ניידים"
    },
    {
        "שאלה":"איך עובד טעינה אלחוטית?",
        "תשובה":"טעינה אלחוטית מעבירה אנרגיה בעזרת שדות אלקטרומגנטיים ממשטח טעינה למכשיר תואם.",
        "נושא":"טכנולוגיות טעינה"
    },
    {
        "שאלה":"מהו רמקול חכם?",
        "תשובה":"רמקול חכם הוא מכשיר שמופעל באמצעות קול, מסוגל לנגן מוזיקה, לשלוט במכשירי בית חכם ולענות על שאלות.",
        "נושא":"בית חכם"
    },
    {
        "שאלה":"למה טלפונים מתקפלים נחשבים חדשניים?",
        "תשובה":"טלפונים מתקפלים משלבים גודל קומפקטי עם מסך גדול יותר, ומציעים גמישות בשימוש.",
        "נושא":"מכשירים ניידים"
    },
    {
        "שאלה":"למה משמש רחפן?",
        "תשובה":"רחפנים משמשים לצילום, משלוחים, מדידות חקלאיות ולמעקב תעשייתי.",
        "נושא":"רובוטיקה וצילום"
    },
    {
        "שאלה":"מה התפקיד של חיבור USB-C?",
        "תשובה":"USB-C הוא חיבור אוניברסלי לטעינה ולהעברת נתונים בין מכשירים.",
        "נושא":"חיבורים וממשקים"
    },
    {
        "שאלה":"איך פועל קסדת מציאות מדומה?",
        "תשובה":"קסדה כזו יוצרת חוויית מציאות מדומה בעזרת מסכים תלת-ממדיים ומעקב אחר תנועות הראש.",
        "נושא":"מציאות מדומה ורבודה"
    },
    {
        "שאלה":"מה ההבדל בין מסך LED למסך OLED?",
        "תשובה":"מסך OLED מציע ניגודיות גבוהה יותר ושחורים עמוקים יותר לעומת LED.",
        "נושא":"טכנולוגיות תצוגה"
    },
    {
        "שאלה":"למה משמש גימבל?",
        "תשובה":"גימבל מייצב מצלמה או טלפון כדי לצלם וידאו חלק ויציב.",
        "נושא":"אביזרי צילום"
    },
    {
        "שאלה":"מה היתרון של תרמוסטט חכם?",
        "תשובה":"הוא לומד את ההעדפות שלך ומתאים את הטמפרטורה באופן אוטומטי לחיסכון באנרגיה.",
        "נושא":"בית חכם"
    },
    {
        "שאלה":"מה המשמעות של 5G עבור גאדג'טים?",
        "תשובה":"5G מספק חיבור אינטרנט מהיר יותר וזמן תגובה נמוך יותר למכשירים מחוברים.",
        "נושא":"טכנולוגיות תקשורת"
    },
    {
        "שאלה":"מהם אוזניות אלחוטיות?",
        "תשובה":"אוזניות קטנות שמתחברות למכשירים באמצעות בלוטות', ללא כבלים.",
        "נושא":"אודיו"
    },
    {
        "שאלה":"מהו מטען נייד (Power Bank)?",
        "תשובה":"סוללה ניידת שיכולה לטעון מכשירים כשאין מקור חשמל.",
        "נושא":"טכנולוגיות טעינה"
    },
    {
        "שאלה":"איך פועלים קוראי ספרים דיגיטליים?",
        "תשובה":"הם משתמשים בטכנולוגיית דיו אלקטרוני לקריאה נוחה לעיניים ולחסכון באנרגיה.",
        "נושא":"מכשירים ניידים"
    },
    {
        "שאלה":"למה משמש עט מגע (Stylus)?",
        "תשובה":"לעט מגע משתמשים בכתיבה או ציור מדויק על מסכי מגע.",
        "נושא":"אביזרים נלווים"
    },
    {
        "שאלה":"מהי אינטגרציית בית חכם?",
        "תשובה":"חיבור מכשירים כמו תאורה, מיזוג ואבטחה לשליטה מרכזית.",
        "נושא":"בית חכם"
    },
    {
        "שאלה":"למה מחשבים ניידים לגיימינג שונים?",
        "תשובה":"יש להם כרטיסי גרפיקה חזקים, מסכים מהירים ומערכות קירור מתקדמות.",
        "נושא":"מחשוב"
    },
    {
        "שאלה":"מהו מצלמת רכב (Dash Cam)?",
        "תשובה":"מצלמה שמותקנת ברכב ומקליטה את הנסיעה לצורכי ביטוח או הוכחות.",
        "נושא":"רכב וגאדג'טים"
    },
    {
        "שאלה":"איך פועלים מנעולים חכמים?",
        "תשובה":"מאפשרים פתיחה ללא מפתח באמצעות אפליקציה או קוד.",
        "נושא":"בית חכם"
    },
    {
        "שאלה":"מה זה סטרימר (Streaming Stick)?",
        "תשובה":"מכשיר קטן שמתחבר לטלוויזיה ומאפשר צפייה בתוכן מאפליקציות כמו נטפליקס.",
        "נושא":"מולטימדיה"
    },
    {
        "שאלה":"מה עושה NFC בטלפונים?",
        "תשובה":"מאפשר העברת נתונים בטווח קצר, לרוב לתשלומים ללא מגע.",
        "נושא":"טכנולוגיות תקשורת"
    },
    {
        "שאלה":"מהי מצלמת אקסטרים?",
        "תשובה":"מצלמה קטנה ועמידה לתיעוד פעילויות אתגריות.",
        "נושא":"אביזרי צילום"
    },
    {
        "שאלה":"מה היתרון של מכשיר עם שני מסכים?",
        "תשובה":"מאפשר ריבוי משימות ונוחות בשימוש.",
        "נושא":"טכנולוגיות תצוגה"
    },
    {
        "שאלה":"מהו עוזר דיגיטלי?",
        "תשובה":"תוכנה חכמה שמבצעת פעולות על פי פקודות קוליות.",
        "נושא":"תוכנה וממשקים"
    },
    {
        "שאלה":"למה להשתמש במשקל חכם?",
        "תשובה":"מודד משקל, שומן גוף ועוד, ומסתנכרן עם אפליקציות בריאות.",
        "נושא":"בריאות וכושר"
    },
    {
        "שאלה":"מה אומר דירוג IP68?",
        "תשובה":"התקן מוגן לחלוטין מאבק ועמיד בפני מים בעומק מסוים.",
        "נושא":"תקנים טכניים"
    },
    {
        "שאלה":"מהו eSIM?",
        "תשובה":"כרטיס סים דיגיטלי שמובנה במכשיר ומאפשר החלפת מפעיל ללא כרטיס פיזי.",
        "נושא":"טכנולוגיות תקשורת"
    },
    {
        "שאלה":"מהי מערכת Mesh Wi-Fi?",
        "תשובה":"מערכת שמורכבת מכמה יחידות להפצת אינטרנט יציב בבית.",
        "נושא":"רשתות ותקשורת"
    },
    {
        "שאלה":"מהי זיהוי ביומטרי?",
        "תשובה":"שימוש בטביעת אצבע, פנים או עין לצורך אימות זהות.",
        "נושא":"אבטחה"
    },
    {
        "שאלה":"איך פועלים רובוטים לניקוי הבית?",
        "תשובה":"רובוטים עם חיישנים שמנווטים לבד ומנקים את הרצפה.",
        "נושא":"רובוטיקה וצילום"
    },
    {
        "שאלה":"מהו תצוגה חכמה?",
        "תשובה":"מכשיר עם מסך מגע ועוזר קולי לחוויית משתמש ויזואלית.",
        "נושא":"בית חכם"
    },
    {
        "שאלה":"למה מקרן נייד שימושי?",
        "תשובה":"מאפשר להקרין מדיה בכל מקום בלי תלות במסך גדול.",
        "נושא":"מולטימדיה"
    },
    {
        "שאלה":"מה המשמעות של בידוד רעשים?",
        "תשובה":"אוזניות שחוסמות רעשים פיזית עם כריות אוזניים.",
        "נושא":"אודיו"
    },
    {
        "שאלה":"מהו תקע חכם?",
        "תשובה":"מאפשר שליטה על מכשירים דרך אפליקציה על ידי חיבורם לשקע חכם.",
        "נושא":"בית חכם"
    },
    {
        "שאלה":"מהו מראה כושר חכם?",
        "תשובה":"מסך שמשקף אימונים ומאפשר להתאמן מהבית עם הנחיה.",
        "נושא":"בריאות וכושר"
    },
    {
        "שאלה":"מה עושה תכונת א.ק.ג בשעון חכם?",
        "תשובה":"מודדת פעילות לב ויכולה לזהות בעיות בקצב הלב.",
        "נושא":"בריאות וכושר"
    },
    {
        "שאלה":"מהו כבל טעינה מגנטי?",
        "תשובה":"כבל שמתחבר בקלות עם מגנט ומפחית בלאי על השקע.",
        "נושא":"טכנולוגיות טעינה"
    },
    {
        "שאלה":"למה להשתמש בטלפון מוקשח?",
        "תשובה":"טלפון עמיד במיוחד לנפילות, מים ותנאים קשים.",
        "נושא":"מכשירים ניידים"
    },
    {
        "שאלה":"מהי מצלמה ב-360 מעלות?",
        "תשובה":"מצלמה שמצלמת את כל הכיוונים בו-זמנית.",
        "נושא":"אביזרי צילום"
    },
    {
        "שאלה":"מהו עט חכם?",
        "תשובה":"עט שמתעד כתיבה ידנית ומעביר אותה למכשיר דיגיטלי.",
        "נושא":"אביזרים נלווים"
    },
    {
        "שאלה":"איך פועלות משקפיים חכמות?",
        "תשובה":"משקפיים שמקרינות מידע על גבי העדשה בזמן אמת.",
        "נושא":"מציאות מדומה ורבודה"
    },
    {
        "שאלה":"מהו מסך נייד?",
        "תשובה":"מסך נוסף שניתן לחבר למחשב או טלפון להרחבת תצוגה.",
        "נושא":"טכנולוגיות תצוגה"
    },
    {
        "שאלה":"מה זה HDMI אלחוטי?",
        "תשובה":"שידור וידאו ושמע ממקור למסך ללא כבלים.",
        "נושא":"חיבורים וממשקים"
    },
    {
        "שאלה":"מהו מטען סולארי?",
        "תשובה":"מכשיר שממיר אנרגיית שמש לחשמל לטעינת מכשירים.",
        "נושא":"טכנולוגיות טעינה"
    },
    {
        "שאלה":"מה זה דירוג IPX7?",
        "תשובה":"התקן עמיד למים עד עומק של מטר אחד למשך חצי שעה.",
        "נושא":"תקנים טכניים"
    },
    {
        "שאלה":"באיזו שנה הושק האייפון הראשון?",
        "תשובה":"הדור הראשון של האייפון הוצג לראשונה ב-2007",
        "נושא":"היסטוריה טכנולוגית"
    }
]