[
  {
    "question": "מהו שעון חכם?",
    "answer": "שעון חכם הוא מכשיר לביש שמציע פונקציות דומות לטלפון חכם, כמו התראות, מדידת כושר ואפליקציות.",
    "topic": "מכשירים לבישים"
  },
  {
    "question": "איך פועלת טכנולוגיית ביטול רעשים?",
    "answer": "אוזניות עם ביטול רעשים משתמשות במיקרופונים לקליטת רעשים חיצוניים ומפיקות גלי קול מנוגדים כדי לבטל אותם.",
    "topic": "אודיו"
  },
  {
    "question": "מהו התפקיד העיקרי של צמיד כושר?",
    "answer": "צמיד כושר עוקב אחר פעילות גופנית, כמו צעדים, דופק ושריפת קלוריות.",
    "topic": "מכשירים לבישים"
  },
  {
    "question": "מה עושה בלוטות' בגאדג'טים?",
    "answer": "בלוטות' מאפשר תקשורת אלחוטית בין מכשירים בטווח קצר.",
    "topic": "טכנולוגיות תקשורת"
  },
  {
    "question": "מה ההבדל בין טאבלט לסמארטפון?",
    "answer": "לטאבלט מסך גדול יותר והוא פחות נייד מטלפון חכם, אך שניהם מריצים אפליקציות דומות.",
    "topic": "מכשירים ניידים"
  },
  {
    "question": "איך עובד טעינה אלחוטית?",
    "answer": "טעינה אלחוטית מעבירה אנרגיה בעזרת שדות אלקטרומגנטיים ממשטח טעינה למכשיר תואם.",
    "topic": "טכנולוגיות טעינה"
  },
  {
    "question": "מהו רמקול חכם?",
    "answer": "רמקול חכם הוא מכשיר שמופעל באמצעות קול, מסוגל לנגן מוזיקה, לשלוט במכשירי בית חכם ולענות על שאלות.",
    "topic": "בית חכם"
  },
  {
    "question": "למה טלפונים מתקפלים נחשבים חדשניים?",
    "answer": "טלפונים מתקפלים משלבים גודל קומפקטי עם מסך גדול יותר, ומציעים גמישות בשימוש.",
    "topic": "מכשירים ניידים"
  },
  {
    "question": "למה משמש רחפן?",
    "answer": "רחפנים משמשים לצילום, משלוחים, מדידות חקלאיות ולמעקב תעשייתי.",
    "topic": "רובוטיקה וצילום"
  },
  {
    "question": "מה התפקיד של חיבור USB-C?",
    "answer": "USB-C הוא חיבור אוניברסלי לטעינה ולהעברת נתונים בין מכשירים.",
    "topic": "חיבורים וממשקים"
  },
  {
    "question": "איך פועל קסדת מציאות מדומה?",
    "answer": "קסדה כזו יוצרת חוויית מציאות מדומה בעזרת מסכים תלת-ממדיים ומעקב אחר תנועות הראש.",
    "topic": "מציאות מדומה ורבודה"
  },
  {
    "question": "מה ההבדל בין מסך LED למסך OLED?",
    "answer": "מסך OLED מציע ניגודיות גבוהה יותר ושחורים עמוקים יותר לעומת LED.",
    "topic": "טכנולוגיות תצוגה"
  },
  {
    "question": "למה משמש גימבל?",
    "answer": "גימבל מייצב מצלמה או טלפון כדי לצלם וידאו חלק ויציב.",
    "topic": "אביזרי צילום"
  },
  {
    "question": "מה המשמעות של 5G עבור גאדג'טים?",
    "answer": "5G מספק חיבור אינטרנט מהיר יותר וזמן תגובה נמוך יותר למכשירים מחוברים.",
    "topic": "טכנולוגיות תקשורת"
  },
  {
    "question": "מהם אוזניות אלחוטיות?",
    "answer": "אוזניות קטנות שמתחברות למכשירים באמצעות בלוטות', ללא כבלים.",
    "topic": "אודיו"
  },
  {
    "question": "מהו מטען נייד (Power Bank)?",
    "answer": "סוללה ניידת שיכולה לטעון מכשירים כשאין מקור חשמל.",
    "topic": "טכנולוגיות טעינה"
  },
  {
    "question": "איך פועלים קוראי ספרים דיגיטליים?",
    "answer": "הם משתמשים בטכנולוגיית דיו אלקטרוני לקריאה נוחה לעיניים ולחסכון באנרגיה.",
    "topic": "מכשירים ניידים"
  },
  {
    "question": "למה משמש עט מגע (Stylus)?",
    "answer": "לעט מגע משתמשים בכתיבה או ציור מדויק על מסכי מגע.",
    "topic": "אביזרים נלווים"
  },
  {
    "question": "מהי אינטגרציית בית חכם?",
    "answer": "חיבור מכשירים כמו תאורה, מיזוג ואבטחה לשליטה מרכזית.",
    "topic": "בית חכם"
  },
  {
    "question": "למה מחשבים ניידים לגיימינג שונים?",
    "answer": "יש להם כרטיסי גרפיקה חזקים, מסכים מהירים ומערכות קירור מתקדמות.",
    "topic": "מחשוב"
  },
  {
    "question": "מהו מצלמת רכב (Dash Cam)?",
    "answer": "מצלמה שמותקנת ברכב ומקליטה את הנסיעה לצורכי ביטוח או הוכחות.",
    "topic": "רכב וגאדג'טים"
  },
  {
    "question": "איך פועלים מנעולים חכמים?",
    "answer": "מאפשרים פתיחה ללא מפתח באמצעות אפליקציה או קוד.",
    "topic": "בית חכם"
  },
  {
    "question": "מה זה סטרימר (Streaming Stick)?",
    "answer": "מכשיר קטן שמתחבר לטלוויזיה ומאפשר צפייה בתוכן מאפליקציות כמו נטפליקס.",
    "topic": "מולטימדיה"
  },
  {
    "question": "מה עושה NFC בטלפונים?",
    "answer": "מאפשר העברת נתונים בטווח קצר, לרוב לתשלומים ללא מגע.",
    "topic": "טכנולוגיות תקשורת"
  },
  {
    "question": "מהי מצלמת אקסטרים?",
    "answer": "מצלמה קטנה ועמידה לתיעוד פעילויות אתגריות.",
    "topic": "אביזרי צילום"
  },
  {
    "question": "מה היתרון של מכשיר עם שני מסכים?",
    "answer": "מאפשר ריבוי משימות ונוחות בשימוש.",
    "topic": "טכנולוגיות תצוגה"
  },
  {
    "question": "מהו עוזר דיגיטלי?",
    "answer": "תוכנה חכמה שמבצעת פעולות על פי פקודות קוליות.",
    "topic": "תוכנה וממשקים"
  },
  {
    "question": "למה להשתמש במשקל חכם?",
    "answer": "מודד משקל, שומן גוף ועוד, ומסתנכרן עם אפליקציות בריאות.",
    "topic": "בריאות וכושר"
  },
  {
    "question": "מה אומר דירוג IP68?",
    "answer": "התקן מוגן לחלוטין מאבק ועמיד בפני מים בעומק מסוים.",
    "topic": "תקנים טכניים"
  },
  {
    "question": "מהו eSIM?",
    "answer": "כרטיס סים דיגיטלי שמובנה במכשיר ומאפשר החלפת מפעיל ללא כרטיס פיזי.",
    "topic": "טכנולוגיות תקשורת"
  },
  {
    "question": "מהי מערכת Mesh Wi-Fi?",
    "answer": "מערכת שמורכבת מכמה יחידות להפצת אינטרנט יציב בבית.",
    "topic": "רשתות ותקשורת"
  },
  {
    "question": "מהי זיהוי ביומטרי?",
    "answer": "שימוש בטביעת אצבע, פנים או עין לצורך אימות זהות.",
    "topic": "אבטחה"
  },
  {
    "question": "איך פועלים רובוטים לניקוי הבית?",
    "answer": "רובוטים עם חיישנים שמנווטים לבד ומנקים את הרצפה.",
    "topic": "רובוטיקה וצילום"
  },
  {
    "question": "מהו תצוגה חכמה?",
    "answer": "מכשיר עם מסך מגע ועוזר קולי לחוויית משתמש ויזואלית.",
    "topic": "בית חכם"
  },
  {
    "question": "למה מקרן נייד שימושי?",
    "answer": "מאפשר להקרין מדיה בכל מקום בלי תלות במסך גדול.",
    "topic": "מולטימדיה"
  },
  {
    "question": "מה המשמעות של בידוד רעשים?",
    "answer": "אוזניות שחוסמות רעשים פיזית עם כריות אוזניים.",
    "topic": "אודיו"
  },
  {
    "question": "מהו תקע חכם?",
    "answer": "מאפשר שליטה על מכשירים דרך אפליקציה על ידי חיבורם לשקע חכם.",
    "topic": "בית חכם"
  },
  {
    "question": "מהו מראה כושר חכם?",
    "answer": "מסך שמשקף אימונים ומאפשר להתאמן מהבית עם הנחיה.",
    "topic": "בריאות וכושר"
  },
  {
    "question": "מה עושה תכונת א.ק.ג בשעון חכם?",
    "answer": "מודדת פעילות לב ויכולה לזהות בעיות בקצב הלב.",
    "topic": "בריאות וכושר"
  },
  {
    "question": "מהו כבל טעינה מגנטי?",
    "answer": "כבל שמתחבר בקלות עם מגנט ומפחית בלאי על השקע.",
    "topic": "טכנולוגיות טעינה"
  },
  {
    "question": "למה להשתמש בטלפון מוקשח?",
    "answer": "טלפון עמיד במיוחד לנפילות, מים ותנאים קשים.",
    "topic": "מכשירים ניידים"
  },
  {
    "question": "מהי מצלמה ב-360 מעלות?",
    "answer": "מצלמה שמצלמת את כל הכיוונים בו-זמנית.",
    "topic": "אביזרי צילום"
  },
  {
    "question": "מהו עט חכם?",
    "answer": "עט שמתעד כתיבה ידנית ומעביר אותה למכשיר דיגיטלי.",
    "topic": "אביזרים נלווים"
  },
  {
    "question": "איך פועלות משקפיים חכמות?",
    "answer": "משקפיים שמקרינות מידע על גבי העדשה בזמן אמת.",
    "topic": "מציאות מדומה ורבודה"
  },
  {
    "question": "מהו מסך נייד?",
    "answer": "מסך נוסף שניתן לחבר למחשב או טלפון להרחבת תצוגה.",
    "topic": "טכנולוגיות תצוגה"
  },
  {
    "question": "מה זה HDMI אלחוטי?",
    "answer": "שידור וידאו ושמע ממקור למסך ללא כבלים.",
    "topic": "חיבורים וממשקים"
  },
  {
    "question": "מהו מטען סולארי?",
    "answer": "מכשיר שממיר אנרגיית שמש לחשמל לטעינת מכשירים.",
    "topic": "טכנולוגיות טעינה"
  },
  {
    "question": "מה זה דירוג IPX7?",
    "answer": "התקן עמיד למים עד עומק של מטר אחד למשך חצי שעה.",
    "topic": "תקנים טכניים"
  },
  {
    "question": "באיזו שנה הושק האייפון הראשון?",
    "answer": "הדור הראשון של האייפון הוצג לראשונה ב-2007",
    "topic": "היסטוריה טכנולוגית"
  },
  {
    "question": "מהם היתרונות של שימוש באוזניות אלחוטיות?",
    "answer": "אוזניות אלחוטיות מאפשרות נוחות וחופש תנועה בזמן האזנה למוזיקה או שיחה טלפונית, וגם מונעות קשרים וכבלים מבלגן.",
    "topic": "אוזניות"
  },
  {
    "question": "מה ההבדל בין אוזניות אקטיביות לפסיביות?",
    "answer": "אוזניות אקטיביות משתמשות בטכנולוגיה כדי לבטל רעשים סביבתיים, בעוד שאוזניות פסיביות סופגות את הרעשים באופן טבעי.",
    "topic": "אוזניות"
  },
  {
    "question": "מהן היתרונות של שימוש במצלמת אקסטרים?",
    "answer": "מצלמות אקסטרים מתאימות לצילום בתנאים קשים ולצילום פעולות ספורטיביות בקלות.",
    "topic": "צילום"
  },
  {
    "question": "מה ההבדל בין מצלמת רכב למצלמת רכב חכמה?",
    "answer": "מצלמת רכב חכמה מציעה תכונות נוספות כמו זיהוי תנועה ושמירה ענן, בנוסף לצילום רגיל של מצלמת רכב רגילה.",
    "topic": "רכב"
  },
  {
    "question": "כיצד עובדת מערכת Mesh Wi-Fi?",
    "answer": "מערכת Mesh Wi-Fi משתמשת בנקודות גישה מרובות שמתקשרות זו עם זו כדי ליצור רשת אלחוטית חזקה ומהירה בכל חלקי הבית.",
    "topic": "אינטרנט"
  },
  {
    "question": "מהן היתרונות של שימוש במנעולים חכמים?",
    "answer": "מנעולים חכמים מאפשרים פתיחה ונעילה מרחוק ושיתוף גישה לאנשים מורשים בקלות.",
    "topic": "טכנולוגיות בית חכם"
  },
  {
    "question": "מה עושה מטען סולארי?",
    "answer": "מטען סולארי משתמש באנרגיה שמש לטעינת מכשירים ניידים באופן ידידותי לסביבה.",
    "topic": "טכנולוגיות אנרגיה"
  },
  {
    "question": "מהו התפקיד של רמקול חכם?",
    "answer": "רמקול חכם מאפשר האזנה למוזיקה ושליטה בבית חכם באמצעות קול ובאמצעות חיבור לרשת האינטרנט.",
    "topic": "טכנולוגיות בית חכם"
  },
  {
    "question": "מה עושה תצוגה חכמה?",
    "answer": "תצוגה חכמה מאפשרת גישה לאינטרנט, לאפליקציות ולתוכן מקורי ישירות מהמסך שלה.",
    "topic": "טכנולוגיות בית חכם"
  },
  {
    "question": "מהם היתרונות של שימוש באוזניות אלחוטיות?",
    "answer": "אוזניות אלחוטיות מציעות חופש תנועה ונוחות בשימוש, ומוסיפות לחווית ההאזנה.",
    "topic": "אוזניות"
  },
  {
    "question": "מה ההבדל בין אוזניות אקטיביות לפסיביות?",
    "answer": "אוזניות אקטיביות משתמשות בטכנולוגיה פנימית לשיפור איכות הסאונד, בעוד שאוזניות פסיביות תלוות במקור הסאונד בלבד.",
    "topic": "אוזניות"
  },
  {
    "question": "מהי מצלמה ב-360 מעלות?",
    "answer": "מצלמה ב-360 מעלות מסוגלת לצלם סביבה מקיפה בכל הכיוונים, מאפשרת חוויית צפייה חדשנית ומרתקת.",
    "topic": "מצלמות"
  },
  {
    "question": "מהו עט חכם?",
    "answer": "עט חכם הוא עט אלקטרוני שמאפשר כתיבה דיגיטלית ושימוש יעיל במכשירים ניידים.",
    "topic": "אביזרים חכמים"
  },
  {
    "question": "מהם יתרונות שימוש במצלמת אקסטרים?",
    "answer": "מצלמת אקסטרים מאפשרת צילום בסביבות קשות ופעולות ספורט אתגריות בלי חשש לנזק למצלמה.",
    "topic": "מצלמות"
  },
  {
    "question": "מהו ההבדל בין מצלמת רכב למצלמת רכב חכמה?",
    "answer": "מצלמת רכב רגילה מקליטה ושומרת על תמונות, בעוד שמצלמת רכב חכמה מציעה פונקציות נוספות כמו זיהוי תנועה וצילום בזמן אמת.",
    "topic": "מצלמות"
  },
  {
    "question": "כיצד עובדת מערכת Mesh Wi-Fi?",
    "answer": "מערכת Mesh Wi-Fi משתמשת בנקודות גישה מרובות שמספקות חיבור אינטרנט איכותי ומהיר בכל חלק בית המקורה.",
    "topic": "רשתות אלחוטיות"
  },
  {
    "question": "מהם היתרונות של שימוש במנעולים חכמים?",
    "answer": "מנעולים חכמים מאפשרים פתיחה ונעילה מרחוק, שיתוף גישה ובקרה דיגיטלית על ידי יישומון נייד.",
    "topic": "מנעולים חכמים"
  },
  {
    "question": "מהן היתרונות של שימוש במצלמת אבטחה חכמה?",
    "answer": "מצלמת אבטחה חכמה מאפשרת צפייה בזמן אמת, תזה חכמה ואפשרות לשליטה מרחוק דרך הטלפון החכם.",
    "topic": "בית חכם"
  },
  {
    "question": "מהו תפקיד מסך חכם בבית חכם?",
    "answer": "מסך חכם מאפשר שליטה במכשירי הבית החכם, הצגת מידע וביצוע פעולות באמצעות מגע או קול.",
    "topic": "בית חכם"
  },
  {
    "question": "מהם היתרונות של שימוש במזגן חכם?",
    "answer": "מזגן חכם מאפשר שליטה מרחוק, חיסכון באנרגיה והתאמת הטמפרטורה לפי הצרכים באופן אוטומטי.",
    "topic": "בית חכם"
  },
  {
    "question": "מהן היתרונות של שימוש במצלמת אבטחה חכמה?",
    "answer": "מאפשרת צפייה בשידור חי, זיהוי תנועה והתראות בזמן אמת.",
    "topic": "בית חכם"
  },
  {
    "question": "מהו תפקיד מסך חכם בבית חכם?",
    "answer": "מאפשר שליטה במערכות בית חכם והצגת מידע בזמן אמת.",
    "topic": "בית חכם"
  },
  {
    "question": "מהם היתרונות של שימוש במזגן חכם?",
    "answer": "חיסכון באנרגיה, שליטה מרחוק והתאמה אוטומטית לצרכי המשתמש.",
    "topic": "בית חכם"
  },
  {
    "question": "מהן היתרונות של שימוש במצלמת אבטחה חכמה?",
    "answer": "מצלמת אבטחה חכמה מאפשרת צפייה בזמן אמת, תמיכה באינטגרציה עם מערכות בית חכם ואפשרות לשליטה מרחוק דרך הסמארטפון.",
    "topic": "מצלמת אבטחה חכמה"
  },
  {
    "question": "מהו תפקיד מסך חכם בבית חכם?",
    "answer": "מסך חכם בבית חכם משמש לשליטה על מערכות הבית החכם, להצגת מידע ולשימוש באפליקציות שונות דרך ממשק משתמש חכם.",
    "topic": "מסך חכם בבית חכם"
  },
  {
    "question": "מהן היתרונות של שימוש במצלמת אבטחה חכמה?",
    "answer": "מצלמת אבטחה חכמה מאפשרת צפייה בזמן אמת, תזה חכמה ושמירה ענן של ההקלטות.",
    "topic": "מצלמות אבטחה חכמות"
  },
  {
    "question": "מהו תפקיד מסך חכם בבית חכם?",
    "answer": "מסך חכם בבית חכם מאפשר שליטה ובקרה על מערכות הבית החכם באמצעות ממשק חכם ואפליקציה מתאימה.",
    "topic": "בית חכם"
  },
  {
    "question": "מהן היתרונות של שימוש במצלמת אבטחה חכמה?",
    "answer": "מצלמת אבטחה חכמה מאפשרת צפייה בזמן אמת, התראות במקרה של תנועה חשודה, ושמירה על תיעוד בעננים.",
    "topic": "מצלמות אבטחה חכמות"
  },
  {
    "question": "מהו תפקיד מסך חכם בבית חכם?",
    "answer": "מסך חכם בבית חכם מאפשר שליטה על מערכות הבית כמו תאורה, מוזיקה, טמפרטורה, ועוד, באמצעות ממשק חכם ואפליקציה.",
    "topic": "בית חכם"
  },
  {
    "question": "מהם היתרונות של שימוש ברמקול חכם בבית?",
    "answer": "רמקול חכם מאפשר שליטה קלה ונוחה על המוזיקה והתאורה בבית, יכול לשמש כמזגן קולי ולהזמין מוצרים באמצעות קול.",
    "topic": "טכנולוגיות בית חכם"
  },
  {
    "question": "מהו תפקיד מצלמת אבטחה חכמה בבית?",
    "answer": "מצלמת אבטחה חכמה מאפשרת למערכת הבית החכם לשלוט באבטחת הבית, לצפות בתמונות בזמן אמת ולקבל התראות על פעילות חשודה.",
    "topic": "טכנולוגיות בית חכם"
  },
  {
    "question": "מהם היתרונות של שימוש במזגן חכם בבית?",
    "answer": "מזגן חכם מאפשר שליטה מרחוק ואוטומטית על טמפרטורת החדר, חסכון באנרגיה ונוחות בשימוש.",
    "topic": "טכנולוגיות בית חכם"
  },
  {
    "question": "מהם היתרונות של שימוש בשעון חכם?",
    "answer": "שעון חכם מאפשר לך לקבל התראות, לעקוב אחר פעילות גופנית, ולבצע שיחות והודעות מהטלפון שלך בצורה נוחה וקלה.",
    "topic": "טכנולוגיה נושאים כלליים"
  },
  {
    "question": "מהו ההבדל בין רמקול חכם לרמקול רגיל?",
    "answer": "רמקול חכם מצויד ביכולות חכמות כגון ניהול תוכן באמצעות קול, שימוש בשירותי ענן, ושליטה בבית חכם, בניגוד לרמקול רגיל שמספק רק שמע.",
    "topic": "רמקולים חכמים"
  },
  {
    "question": "איך עובדת טכנולוגיית ביטול רעשים באוזניות?",
    "answer": "טכנולוגיית ביטול רעשים עובדת על ידי זיהוי רעשים חיצוניים ויצירת גל נגדי שמבטל את הרעשים הלא רצויים.",
    "topic": "אוזניות טכנולוגיה"
  },
  {
    "question": "מהן היתרונות של שימוש בשעון חכם?",
    "answer": "שעון חכם מאפשר לך לקבל התראות ולבצע פעולות כמו קריאת הודעות ושיחות טלפון מהצד של היד, וגם לעקוב אחרי פעילות גופנית ולשלוט במוזיקה ובמצלמה.",
    "topic": "שעונים חכמים"
  },
  {
    "question": "מהו ההבדל בין רמקול חכם לרמקול רגיל?",
    "answer": "רמקול חכם מצויד בטכנולוגיה שמאפשרת לשלוט בו באמצעות קול ולהתחבר לרשת האינטרנט, בניגוד לרמקול רגיל שפועל באופן עצמאי ואינו מחובר לרשת.",
    "topic": "רמקולים חכמים"
  },
  {
    "question": "מהם היתרונות של שימוש בטלפון מוקשח?",
    "answer": "טלפונים מוקשחים מציעים רמה גבוהה יותר של אבטחה ופרטיות, יכולת לשלוט בהרבה פונקציות והגנה מפני תוקפים ונזקי תוכנה זדוניים.",
    "topic": "טלפונים מוקשחים"
  },
  {
    "question": "מהו היתרון של שימוש במצלמת אבטחה חכמה?",
    "answer": "מצלמת אבטחה חכמה מספקת יכולת לצפות בתמונות בזמן אמת, תמיכה באינטגרציה עם מערכות בית חכם ואפשרות לשליטה מרחוק דרך הטלפון הנייד.",
    "topic": "מצלמות אבטחה חכמות"
  },
  {
    "question": "מהו תפקיד מזגן חכם בבית?",
    "answer": "מזגן חכם מאפשר שליטה מרחוק בטמפרטורה ובלחות בחלל הבית, חסכון באנרגיה ואפשרות לתזמון פעולתו מראש.",
    "topic": "מזגנים חכמים"
  },
  {
    "question": "מהן היתרונות של שימוש במצלמת אבטחה חכמה?",
    "answer": "מצלמת אבטחה חכמה מאפשרת לך לקבל התראות בזמן אמת על פעילות חשודה בביתך ולשמור על בטיחותך ובטחונך.",
    "topic": "טכנולוגיה בבית"
  },
  {
    "question": "מהו תפקיד מסך חכם בבית חכם?",
    "answer": "מסך חכם בבית חכם מאפשר לך לשלוט על מערכת הבית החכם שלך, להציג מידע חשוב ולשלב את הטכנולוגיה בחיי היומיום שלך.",
    "topic": "טכנולוגיה בבית"
  },
  {
    "question": "מהם היתרונות של שימוש במזגן חכם בבית?",
    "answer": "מזגן חכם מאפשר לך לשלוט על טמפרטורת החדרים בביתך מרחוק, לחסוך בחשבונות החשמל ולהפוך את הבית לנוח ונעים בכל עונות השנה.",
    "topic": "טכנולוגיה בבית"
  },
  {
    "question": "מהן היתרונות של שימוש במצלמת אבטחה חכמה בבית?",
    "answer": "מספקת ניטור ושמירה על בית בזמן אמת, מאפשרת גישה מרחוק ושמירה על תיעוד באיכות גבוהה.",
    "topic": "בית חכם"
  },
  {
    "question": "מהו תפקיד מזגן חכם בבית?",
    "answer": "מאפשר שליטה מרחוק ותכנון חיסכון באנרגיה, מספק נוחות ובקרה על טמפרטורה בכל זמן.",
    "topic": "בית חכם"
  },
  {
    "question": "מהן היתרונות של שימוש במצלמת אבטחה חכמה בבית?",
    "answer": "מצלמת אבטחה חכמה מאפשרת לך לשמור על ביתך בזמן אמת, לקבל התראות על פעילות חשודה ולשמור על רוגע נפשי גם כאשר אתה לא בבית.",
    "topic": "מצלמות אבטחה חכמות"
  },
  {
    "question": "מהו היתרון של שימוש ברמקול חכם בבית?",
    "answer": "רמקול חכם מאפשר לך לשלוט במוזיקה ובתכנים דיגיטליים בקלות ובנוחות, וגם לשאול שאלות ולבצע פעולות קוליות בכל זמן ובכל מקום בבית.",
    "topic": "רמקולים חכמים"
  },
  {
    "question": "מהו תפקיד מזגן חכם בבית?",
    "answer": "מזגן חכם מאפשר לך לשלוט בטמפרטורה בבית מרחוק באמצעות טלפון חכם, לחסוך בחשבונות החשמל וליצור אווירה נוחה ונעימה בכל חלק של הבית.",
    "topic": "מזגנים חכמים"
  },
  {
    "question": "מהן היתרונות של שימוש באוזניות אלחוטיות?",
    "answer": "נוחות, חופש תנועה, איכות סאונד גבוהה.",
    "topic": "ציוד אודיו"
  },
  {
    "question": "מהו ההבדל בין אוזניות אקטיביות לפסיביות?",
    "answer": "אוזניות אקטיביות משתמשות בטכנולוגיה פעילה לביטול רעשים, בעוד שאוזניות פסיביות אינן.",
    "topic": "ציוד אודיו"
  },
  {
    "question": "מהו מחשב המעבדה?",
    "answer": "מחשב מדהים"
  }
]